id	name	lat	lon	radius	hint
cour-carree	Cour Carrée du Louvre	48.8603679	2.3385538	70	Une cour parfaitement carrée, au cœur du plus grand palais de Paris.
fontaine-innocents	Fontaine des Innocents	48.8606368	2.3480233	50	La plus ancienne fontaine monumentale de Paris, sur un ancien cimetière.
colonnes-buren	Colonnes de Buren	48.8636002	2.3370683	60	Des colonnes rayées noir et blanc, de toutes les hauteurs, dans une cour royale.
metre-vendome	Mètre étalon de la place Vendôme	48.8677015	2.3286485	50	Un des deux derniers mètres de marbre posés sous la Révolution pour apprendre la nouvelle mesure.
fontaine-gaillon	Fontaine Gaillon	48.8690695	2.3343056	50	Une petite fontaine d'angle, sur une place qui porte son nom.
jardin-vivienne	Jardin Vivienne	48.8670856	2.3387305	60	Un jardin caché derrière la Bibliothèque nationale.
grand-rex	Le Grand Rex	48.8705900	2.3472700	50	Un cinéma Art déco au plafond étoilé, le plus grand d'Europe.
rue-des-degres	Rue des Degrés	48.8693971	2.3506599	40	La rue la plus courte de Paris : quelques mètres, et ce ne sont que des marches.
porte-saint-martin	Porte Saint-Martin	48.8688385	2.3563647	50	Un arc de triomphe pour Louis XIV, là où s'ouvrait une porte de la ville.
marche-enfants-rouges	Marché des Enfants-Rouges	48.8627768	2.3619723	50	Le plus vieux marché couvert de Paris, au nom d'un orphelinat.
hotel-soubise	Hôtel de Soubise	48.8603506	2.3576038	70	Une cour d'honneur à colonnade, derrière un portail du Marais.
maison-flamel	Maison de Nicolas Flamel	48.8636539	2.3528216	50	La plus vieille maison de Paris, celle d'un alchimiste légendaire.
fontaine-stravinsky	Fontaine Stravinsky	48.8594818	2.3514853	60	Des sculptures colorées qui tournent et crachent de l'eau, au pied d'un musée-usine.
hotel-de-sens	Hôtel de Sens	48.8535200	2.3588700	50	Un hôtel médiéval avec un boulet de canon encore planté dans sa façade.
square-henri-galli	Square Henri-Galli	48.8513526	2.3618562	50	Les pierres d'une célèbre forteresse, remontées au bord de l'eau.
point-zero	Point zéro des routes de France	48.8534015	2.3487885	40	Une étoile de bronze au sol : c'est d'ici qu'on mesure toutes les distances de France.
arenes-lutece	Arènes de Lutèce	48.8446039	2.3532221	70	Un amphithéâtre romain de 2 000 ans, caché derrière des immeubles.
grande-mosquee	Grande Mosquée de Paris	48.8420708	2.3551205	60	Un patio andalou et un minaret, au bord d'un jardin botanique.
val-de-grace	Église du Val-de-Grâce	48.8405260	2.3418833	70	Un dôme baroque né du vœu d'une reine qui voulait un fils.
plus-vieil-arbre	Le plus vieil arbre de Paris	48.8521900	2.3472800	40	Un arbre planté en 1601, qui tient debout grâce à des béquilles de béton.
cour-commerce-saint-andre	Cour du Commerce-Saint-André	48.8535550	2.3389230	50	Un passage pavé où l'on aurait essayé la guillotine sur des moutons.
fontaine-medicis	Fontaine Médicis	48.8480500	2.3392900	50	Une fontaine-grotte au bout d'un long bassin, dans un jardin de reine.
immeuble-sauvage	Immeuble à gradins de la rue Vavin	48.8436500	2.3298100	50	Un immeuble blanc en escalier, couvert de carreaux comme une salle de bains.
rue-furstemberg	Place de Furstemberg	48.8545738	2.3359440	50	Une minuscule place ronde avec des paulownias et un réverbère à cinq globes.
fontaine-quatre-saisons	Fontaine des Quatre-Saisons	48.8546899	2.3251122	50	Une fontaine monumentale coincée dans une rue étroite, dont on moquait le filet d'eau.
jardin-rodin	Jardin du musée Rodin	48.8547500	2.3162200	80	Un penseur de bronze médite dans le jardin d'un hôtel particulier.
la-pagode	La Pagode	48.8516333	2.3163937	50	Une vraie pagode japonaise, offerte par amour, devenue cinéma.
immeuble-lavirotte	Immeuble Lavirotte	48.8591155	2.3010304	40	La porte d'immeuble la plus extravagante de Paris, Art nouveau.
jardin-nouvelle-france	Jardin de la Nouvelle-France	48.8653714	2.3112312	60	Une cascade et un petit ravin cachés en contrebas des Champs-Élysées.
cathedrale-nevsky	Cathédrale Saint-Alexandre-Nevsky	48.8776180	2.3019923	60	Des bulbes dorés d'église russe, en plein 8e arrondissement.
village-royal	Village Royal	48.8691910	2.3228431	50	Une ruelle pavée secrète, entre la Madeleine et la Concorde.
place-europe	Place de l'Europe – Simone-Veil	48.8789978	2.3233676	60	Un pont en étoile au-dessus des voies ferrées, peint par Caillebotte.
vie-romantique	Musée de la Vie romantique	48.8813424	2.3335207	50	Une allée pavée, une maison d'artiste et un jardin de roses.
galeries-lafayette-terrasse	Terrasse des Galeries Lafayette	48.8734030	2.3318168	60	Un toit gratuit avec vue sur l'Opéra, au-dessus d'une coupole de vitraux.
cite-bergere	Cité Bergère	48.8720015	2.3432312	40	Une impasse d'hôtels aux marquises de fer, où vécut le poète Heinrich Heine.
phono-museum	Phono Museum	48.8820900	2.3413200	40	Des phonographes et des gramophones qui chantent encore, près de Pigalle.
saint-vincent-de-paul	Église Saint-Vincent-de-Paul	48.8789795	2.3519205	60	Une église perchée en haut d'un grand escalier en fer à cheval.
cour-petites-ecuries	Cour des Petites-Écuries	48.8722600	2.3539900	50	Une cour pavée d'anciennes écuries royales, devenue rue de restaurants.
cite-riverin	Cité Riverin	48.8700561	2.3582414	40	Une petite rue d'artisans fermée par des grilles, à deux pas des grands boulevards.
hopital-saint-louis	Cour de l'hôpital Saint-Louis	48.8702412	2.3709652	70	Une cour carrée de brique et de pierre, bâtie par Henri IV contre la peste.
cirque-hiver	Cirque d'Hiver	48.8635364	2.3675917	50	Un cirque en dur à vingt côtés, là depuis Napoléon III.
passage-saint-ambroise	Passage Saint-Ambroise	48.8629914	2.3776755	40	Un passage verdoyant et paisible, à l'ombre d'une église.
cour-damoye	Cour Damoye	48.8543205	2.3704563	40	Une cour pavée d'artisans, à quelques pas de la Bastille.
immeubles-industriels	Rue des Immeubles-Industriels	48.8495741	2.3927439	50	Une rue entière d'immeubles identiques, faits pour loger artisans et machines.
porte-doree	Palais de la Porte Dorée	48.8352761	2.4093810	70	Une façade entièrement sculptée, et un aquarium tropical au sous-sol.
cimetiere-picpus	Cimetière de Picpus	48.8440048	2.4003970	60	Un cimetière privé où flotte un drapeau américain sur la tombe d'un héros.
pavillons-bercy	Pavillons de Bercy	48.8327663	2.3893382	60	D'anciens chais à vin qui abritent des manèges d'autrefois.
rue-cremieux	Rue Crémieux	48.8468825	2.3708661	50	Des maisons couleur arc-en-ciel, dans une rue sans voitures.
chapelle-salpetriere	Chapelle de la Salpêtrière	48.8389393	2.3641414	70	Une immense chapelle à dôme, au milieu d'un hôpital.
les-frigos	Les Frigos	48.8312112	2.3788969	50	Un ancien entrepôt frigorifique couvert de graffitis, devenu ateliers d'artistes.
cite-florale	Cité Florale	48.8227030	2.3448195	50	Des maisons à jardinets, dans des rues aux noms de fleurs.
gobelins	Manufacture des Gobelins	48.8350372	2.3528661	60	Des tapisseries tissées ici depuis Louis XIV, et toujours aujourd'hui.
lion-belfort	Lion de Belfort	48.8343320	2.3324661	50	Un lion de bronze couché au milieu d'une grande place.
aqueduc-lutece	Aqueduc de Lutèce	48.8261800	2.3377100	50	Des vestiges de l'aqueduc romain qui apportait l'eau à Lutèce.
catacombes	Entrée des Catacombes	48.8337439	2.3322925	50	L'entrée d'un ossuaire géant, sous la ville.
rue-thermopyles	Rue des Thermopyles	48.8320846	2.3196372	50	Une ruelle pavée et fleurie, au nom d'une bataille antique.
la-ruche	La Ruche	48.8320428	2.2968836	60	Une rotonde d'ateliers pour artistes pauvres, récupérée d'une exposition universelle.
jardin-atlantique	Jardin Atlantique	48.8398756	2.3189805	70	Un jardin suspendu posé sur les quais d'une gare.
village-suisse	Village Suisse	48.8511319	2.2992782	60	Un village d'antiquaires, héritier d'une exposition universelle.
statue-liberte	Statue de la Liberté	48.8500236	2.2797012	60	La petite sœur d'une célèbre statue new-yorkaise, au bout d'une île étroite.
rue-mallet-stevens	Rue Mallet-Stevens	48.8547907	2.2662063	50	Une rue entière de villas cubistes, dessinée par un seul architecte.
maison-balzac	Maison de Balzac	48.8552057	2.2808844	50	La maison d'un romancier qui avait deux sorties pour fuir ses créanciers.
fondation-vuitton	Fondation Louis Vuitton	48.8766500	2.2633200	80	Des voiles de verre gonflées par le vent, posées au bord du bois.
flamme-liberte	Flamme de la Liberté	48.8641848	2.3008761	50	Une flamme dorée au-dessus d'un tunnel célèbre, devenue lieu de mémoire.
rue-poncelet	Rue Poncelet	48.8787046	2.2962304	50	Une rue de marché piétonne et gourmande, près d'une grande place en étoile.
hotel-gaillard	Hôtel Gaillard	48.8817972	2.3105214	60	Un château néogothique de briques, construit pour un banquier.
sainte-marie-batignolles	Sainte-Marie-des-Batignolles	48.8867918	2.3178565	50	Une église qui ressemble à un temple grec, face à un square.
cite-des-fleurs	Cité des Fleurs	48.8926258	2.3203341	50	Une allée privée d'hôtels particuliers, chacun avec son jardin fleuri.
passe-muraille	Le Passe-Muraille	48.8875399	2.3380698	40	Un homme de bronze coincé dans un mur, sorti d'une nouvelle de Marcel Aymé.
mur-je-taime	Mur des je t'aime	48.8848100	2.3385100	40	Un mur où « je t'aime » est écrit dans plus de 250 langues.
saint-bernard-chapelle	Saint-Bernard-de-la-Chapelle	48.8860532	2.3549746	60	Une église néogothique au cœur de la Goutte-d'Or.
jardins-eole	Jardins d'Éole	48.8876495	2.3662081	70	Un grand jardin créé sur d'anciennes voies ferrées.
pont-levant-crimee	Pont levant de la rue de Crimée	48.8883703	2.3794062	50	Le dernier pont de Paris qui se lève pour laisser passer les bateaux.
bicyclette-ensevelie	La Bicyclette ensevelie	48.8933000	2.3918000	60	Une bicyclette géante enterrée dans une pelouse ; seuls quelques morceaux dépassent.
la-mouzaia	La Mouzaïa	48.8798564	2.3942049	50	Des villas fleuries bâties sur d'anciennes carrières, trop fragiles pour les immeubles.
butte-bergeyre	Butte-Bergeyre	48.8772621	2.3756397	60	Un village perché, avec des vignes et une vue sur Montmartre, qu'on atteint par des escaliers.
rue-denoyez	Rue Dénoyez	48.8716802	2.3784991	50	Une rue entièrement couverte de graffitis, à Belleville.
villa-des-otages	Villa des Otages	48.8744219	2.4025194	50	Une impasse fleurie au nom d'un épisode tragique de la Commune.
mur-federes	Mur des Fédérés	48.8596793	2.4000825	60	Un mur de cimetière où furent fusillés les derniers combattants de la Commune.
gare-avron	Ancienne gare d'Avron	48.8535100	2.4076400	50	Une gare abandonnée de la Petite Ceinture, rendue aux habitants.
